{
  "header": {
    "total_blocks": 110,
    "total_categories": 16,
    "total_size_mb": 156.15,
    "generated_date": "2024-11-01T13:03:45.480628"
  },
  "directory_structure": {
    "files": [
      {
        "filename": "REALLY-GOOD-TEMPLATE-FOR-CREATING-BELTS.dwg",
        "relative_path": "REALLY-GOOD-TEMPLATE-FOR-CREATING-BELTS.dwg",
        "size_mb": 2.58,
        "created_date": "2023-06-02T12:02:28"
      }
    ],
    "Habasit Link AutoCad Drawing Templates for Modular Belts": {
      "files": [
        {
          "filename": "G2520 GRIP TOP  dwg template.dwg",
          "relative_path": "Habasit Link AutoCad Drawing Templates for Modular Belts\\G2520 GRIP TOP  dwg template.dwg",
          "size_mb": 0.41,
          "created_date": "2024-11-01T13:03:18.983925"
        },
        {
          "filename": "Jeff Butler Question 2023-05-24-M2520 & M2527 dwg template.dwg",
          "relative_path": "Habasit Link AutoCad Drawing Templates for Modular Belts\\Jeff Butler Question 2023-05-24-M2520 & M2527 dwg template.dwg",
          "size_mb": 0.44,
          "created_date": "2024-11-01T13:03:19.124541"
        },
        {
          "filename": "M0870  dwg template-001.dwg",
          "relative_path": "Habasit Link AutoCad Drawing Templates for Modular Belts\\M0870  dwg template-001.dwg",
          "size_mb": 0.87,
          "created_date": "2024-11-01T13:03:19.280793"
        },
        {
          "filename": "M0873 No Slip  dwg template-001.dwg",
          "relative_path": "Habasit Link AutoCad Drawing Templates for Modular Belts\\M0873 No Slip  dwg template-001.dwg",
          "size_mb": 0.56,
          "created_date": "2024-11-01T13:03:19.468298"
        },
        {
          "filename": "M0885 Micropitch Flush Grid dwg template-001.dwg",
          "relative_path": "Habasit Link AutoCad Drawing Templates for Modular Belts\\M0885 Micropitch Flush Grid dwg template-001.dwg",
          "size_mb": 0.5,
          "created_date": "2024-11-01T13:03:19.608921"
        },
        {
          "filename": "M1185 template-001.dwg",
          "relative_path": "Habasit Link AutoCad Drawing Templates for Modular Belts\\M1185 template-001.dwg",
          "size_mb": 0.9,
          "created_date": "2024-11-01T13:03:19.843288"
        },
        {
          "filename": "M1220  dwg template-001.dwg",
          "relative_path": "Habasit Link AutoCad Drawing Templates for Modular Belts\\M1220  dwg template-001.dwg",
          "size_mb": 1.46,
          "created_date": "2024-11-01T13:03:20.002283"
        },
        {
          "filename": "M1230   template-001.dwg",
          "relative_path": "Habasit Link AutoCad Drawing Templates for Modular Belts\\M1230   template-001.dwg",
          "size_mb": 1.21,
          "created_date": "2024-11-01T13:03:20.330408"
        },
        {
          "filename": "M1233  dwg template-001.dwg",
          "relative_path": "Habasit Link AutoCad Drawing Templates for Modular Belts\\M1233  dwg template-001.dwg",
          "size_mb": 1.26,
          "created_date": "2024-11-01T13:03:20.471035"
        },
        {
          "filename": "M1234  dwg  template-001.dwg",
          "relative_path": "Habasit Link AutoCad Drawing Templates for Modular Belts\\M1234  dwg  template-001.dwg",
          "size_mb": 0.9,
          "created_date": "2024-11-01T13:03:20.658526"
        },
        {
          "filename": "M1280  dwg template-001.dwg",
          "relative_path": "Habasit Link AutoCad Drawing Templates for Modular Belts\\M1280  dwg template-001.dwg",
          "size_mb": 0.89,
          "created_date": "2024-11-01T13:03:20.832400"
        },
        {
          "filename": "M2420 Drawing Template.dwg",
          "relative_path": "Habasit Link AutoCad Drawing Templates for Modular Belts\\M2420 Drawing Template.dwg",
          "size_mb": 2.52,
          "created_date": "2024-11-01T13:03:21.050373"
        },
        {
          "filename": "M2470 and G2470 template-001.dwg",
          "relative_path": "Habasit Link AutoCad Drawing Templates for Modular Belts\\M2470 and G2470 template-001.dwg",
          "size_mb": 0.88,
          "created_date": "2024-11-01T13:03:21.347220"
        },
        {
          "filename": "M2480 template-001.dwg",
          "relative_path": "Habasit Link AutoCad Drawing Templates for Modular Belts\\M2480 template-001.dwg",
          "size_mb": 0.91,
          "created_date": "2024-11-01T13:03:21.737847"
        },
        {
          "filename": "M2510  dwg template-001.dwg",
          "relative_path": "Habasit Link AutoCad Drawing Templates for Modular Belts\\M2510  dwg template-001.dwg",
          "size_mb": 0.49,
          "created_date": "2024-11-01T13:03:21.956588"
        },
        {
          "filename": "M2511  dwg template.dwg",
          "relative_path": "Habasit Link AutoCad Drawing Templates for Modular Belts\\M2511  dwg template.dwg",
          "size_mb": 0.54,
          "created_date": "2024-11-01T13:03:22.144087"
        },
        {
          "filename": "M2514 NUB TOP  dwg template.dwg",
          "relative_path": "Habasit Link AutoCad Drawing Templates for Modular Belts\\M2514 NUB TOP  dwg template.dwg",
          "size_mb": 0.68,
          "created_date": "2024-11-01T13:03:22.300364"
        },
        {
          "filename": "M2514 NUB TOP  dwg template_1_2926_defae940.sv$.dwg",
          "relative_path": "Habasit Link AutoCad Drawing Templates for Modular Belts\\M2514 NUB TOP  dwg template_1_2926_defae940.sv$.dwg",
          "size_mb": 0.68,
          "created_date": "2024-11-01T13:03:22.472215"
        },
        {
          "filename": "M2520 & M2527 dwg template with pop up flight.dwg",
          "relative_path": "Habasit Link AutoCad Drawing Templates for Modular Belts\\M2520 & M2527 dwg template with pop up flight.dwg",
          "size_mb": 0.86,
          "created_date": "2024-11-01T13:03:22.676148"
        },
        {
          "filename": "M2520 & M2527 dwg template.dwg",
          "relative_path": "Habasit Link AutoCad Drawing Templates for Modular Belts\\M2520 & M2527 dwg template.dwg",
          "size_mb": 0.35,
          "created_date": "2024-11-01T13:03:22.880333"
        },
        {
          "filename": "M2520 & M2527 dwg template_recover.dwg",
          "relative_path": "Habasit Link AutoCad Drawing Templates for Modular Belts\\M2520 & M2527 dwg template_recover.dwg",
          "size_mb": 0.38,
          "created_date": "2024-11-01T13:03:23.005330"
        },
        {
          "filename": "M2531  dwg template-001.dwg",
          "relative_path": "Habasit Link AutoCad Drawing Templates for Modular Belts\\M2531  dwg template-001.dwg",
          "size_mb": 0.41,
          "created_date": "2024-11-01T13:03:23.161573"
        },
        {
          "filename": "M2533  dwg template - REDO-2023-2.dwg",
          "relative_path": "Habasit Link AutoCad Drawing Templates for Modular Belts\\M2533  dwg template - REDO-2023-2.dwg",
          "size_mb": 1.53,
          "created_date": "2024-11-01T13:03:23.317824"
        },
        {
          "filename": "M2533  dwg template - REDO-2023.dwg",
          "relative_path": "Habasit Link AutoCad Drawing Templates for Modular Belts\\M2533  dwg template - REDO-2023.dwg",
          "size_mb": 1.33,
          "created_date": "2024-11-01T13:03:23.661573"
        },
        {
          "filename": "M2533  dwg template.dwg",
          "relative_path": "Habasit Link AutoCad Drawing Templates for Modular Belts\\M2533  dwg template.dwg",
          "size_mb": 0.83,
          "created_date": "2024-11-01T13:03:23.942819"
        },
        {
          "filename": "M2533 Roller Top   dwg template.dwg",
          "relative_path": "Habasit Link AutoCad Drawing Templates for Modular Belts\\M2533 Roller Top   dwg template.dwg",
          "size_mb": 1.75,
          "created_date": "2024-11-01T13:03:24.145950"
        },
        {
          "filename": "M2540  dwg template.dwg",
          "relative_path": "Habasit Link AutoCad Drawing Templates for Modular Belts\\M2540  dwg template.dwg",
          "size_mb": 1.31,
          "created_date": "2024-11-01T13:03:24.442819"
        },
        {
          "filename": "M2540K MTW template-001.dwg",
          "relative_path": "Habasit Link AutoCad Drawing Templates for Modular Belts\\M2540K MTW template-001.dwg",
          "size_mb": 0.92,
          "created_date": "2024-11-01T13:03:24.755322"
        },
        {
          "filename": "M2544  w tabs and wo tabs and grip dwg  template-001.dwg",
          "relative_path": "Habasit Link AutoCad Drawing Templates for Modular Belts\\M2544  w tabs and wo tabs and grip dwg  template-001.dwg",
          "size_mb": 1.5,
          "created_date": "2024-11-01T13:03:24.927193"
        },
        {
          "filename": "M2544  w tabs and wo tabs and grip dwg  template-001_recover.dwg",
          "relative_path": "Habasit Link AutoCad Drawing Templates for Modular Belts\\M2544  w tabs and wo tabs and grip dwg  template-001_recover.dwg",
          "size_mb": 1.5,
          "created_date": "2024-11-01T13:03:25.802199"
        },
        {
          "filename": "M2585-P and -S  dwg template.dwg",
          "relative_path": "Habasit Link AutoCad Drawing Templates for Modular Belts\\M2585-P and -S  dwg template.dwg",
          "size_mb": 1.27,
          "created_date": "2024-11-01T13:03:26.083440"
        },
        {
          "filename": "M2586  dwg template.dwg",
          "relative_path": "Habasit Link AutoCad Drawing Templates for Modular Belts\\M2586  dwg template.dwg",
          "size_mb": 0.91,
          "created_date": "2024-11-01T13:03:26.349074"
        },
        {
          "filename": "M2620 LBP  template-001.dwg",
          "relative_path": "Habasit Link AutoCad Drawing Templates for Modular Belts\\M2620 LBP  template-001.dwg",
          "size_mb": 0.89,
          "created_date": "2024-11-01T13:03:26.645943"
        },
        {
          "filename": "M2623 NO SLIP   template-001.dwg",
          "relative_path": "Habasit Link AutoCad Drawing Templates for Modular Belts\\M2623 NO SLIP   template-001.dwg",
          "size_mb": 0.79,
          "created_date": "2024-11-01T13:03:26.864728"
        },
        {
          "filename": "M2670 template-001.dwg",
          "relative_path": "Habasit Link AutoCad Drawing Templates for Modular Belts\\M2670 template-001.dwg",
          "size_mb": 0.81,
          "created_date": "2024-11-01T13:03:27.224061"
        },
        {
          "filename": "M3840 template.dwg",
          "relative_path": "Habasit Link AutoCad Drawing Templates for Modular Belts\\M3840 template.dwg",
          "size_mb": 1.28,
          "created_date": "2024-11-01T13:03:27.630307"
        },
        {
          "filename": "M3840 template_recover.dwg",
          "relative_path": "Habasit Link AutoCad Drawing Templates for Modular Belts\\M3840 template_recover.dwg",
          "size_mb": 1.28,
          "created_date": "2024-11-01T13:03:28.161564"
        },
        {
          "filename": "M3843 and G3843 dwg template.dwg",
          "relative_path": "Habasit Link AutoCad Drawing Templates for Modular Belts\\M3843 and G3843 dwg template.dwg",
          "size_mb": 1.27,
          "created_date": "2024-11-01T13:03:28.411564"
        },
        {
          "filename": "M3892 Raised Rib Radius dwg  template-001.dwg",
          "relative_path": "Habasit Link AutoCad Drawing Templates for Modular Belts\\M3892 Raised Rib Radius dwg  template-001.dwg",
          "size_mb": 1.12,
          "created_date": "2024-11-01T13:03:28.677188"
        },
        {
          "filename": "M3892 template-001.dwg",
          "relative_path": "Habasit Link AutoCad Drawing Templates for Modular Belts\\M3892 template-001.dwg",
          "size_mb": 1.21,
          "created_date": "2024-11-01T13:03:28.895947"
        },
        {
          "filename": "M5010  dwg template-001.dwg",
          "relative_path": "Habasit Link AutoCad Drawing Templates for Modular Belts\\M5010  dwg template-001.dwg",
          "size_mb": 0.79,
          "created_date": "2024-11-01T13:03:29.192815"
        },
        {
          "filename": "M5010  dwg template-001_recover.dwg",
          "relative_path": "Habasit Link AutoCad Drawing Templates for Modular Belts\\M5010  dwg template-001_recover.dwg",
          "size_mb": 0.67,
          "created_date": "2024-11-01T13:03:29.505314"
        },
        {
          "filename": "m5011 template-001.dwg",
          "relative_path": "Habasit Link AutoCad Drawing Templates for Modular Belts\\m5011 template-001.dwg",
          "size_mb": 0.9,
          "created_date": "2024-11-01T13:03:29.770929"
        },
        {
          "filename": "M5012  dwg template-001.dwg",
          "relative_path": "Habasit Link AutoCad Drawing Templates for Modular Belts\\M5012  dwg template-001.dwg",
          "size_mb": 0.62,
          "created_date": "2024-11-01T13:03:29.958690"
        },
        {
          "filename": "M5013 CONE TOP template-001.dwg",
          "relative_path": "Habasit Link AutoCad Drawing Templates for Modular Belts\\M5013 CONE TOP template-001.dwg",
          "size_mb": 0.93,
          "created_date": "2024-11-01T13:03:30.146716"
        },
        {
          "filename": "M5014 Nub Top   dwg template.dwg",
          "relative_path": "Habasit Link AutoCad Drawing Templates for Modular Belts\\M5014 Nub Top   dwg template.dwg",
          "size_mb": 0.82,
          "created_date": "2024-11-01T13:03:30.365473"
        },
        {
          "filename": "M5015 FLAT TOP template-001.dwg",
          "relative_path": "Habasit Link AutoCad Drawing Templates for Modular Belts\\M5015 FLAT TOP template-001.dwg",
          "size_mb": 1.06,
          "created_date": "2024-11-01T13:03:30.506093"
        },
        {
          "filename": "M5020  dwg template-001.dwg",
          "relative_path": "Habasit Link AutoCad Drawing Templates for Modular Belts\\M5020  dwg template-001.dwg",
          "size_mb": 0.73,
          "created_date": "2024-11-01T13:03:30.677970"
        },
        {
          "filename": "M5021 PERFORATED FLAT TOP template-001.dwg",
          "relative_path": "Habasit Link AutoCad Drawing Templates for Modular Belts\\M5021 PERFORATED FLAT TOP template-001.dwg",
          "size_mb": 0.96,
          "created_date": "2024-11-01T13:03:30.896725"
        },
        {
          "filename": "M5023 NON SLIP template-001.dwg",
          "relative_path": "Habasit Link AutoCad Drawing Templates for Modular Belts\\M5023 NON SLIP template-001.dwg",
          "size_mb": 1.14,
          "created_date": "2024-11-01T13:03:31.068588"
        },
        {
          "filename": "M5032 roller   dwg template-001.dwg",
          "relative_path": "Habasit Link AutoCad Drawing Templates for Modular Belts\\M5032 roller   dwg template-001.dwg",
          "size_mb": 0.43,
          "created_date": "2024-11-01T13:03:31.256087"
        },
        {
          "filename": "M5032 SNAP ON ROLLER dwg template-001.dwg",
          "relative_path": "Habasit Link AutoCad Drawing Templates for Modular Belts\\M5032 SNAP ON ROLLER dwg template-001.dwg",
          "size_mb": 0.44,
          "created_date": "2024-11-01T13:03:31.396738"
        },
        {
          "filename": "M5033 FLUSH GRID  dwg template-001.dwg",
          "relative_path": "Habasit Link AutoCad Drawing Templates for Modular Belts\\M5033 FLUSH GRID  dwg template-001.dwg",
          "size_mb": 0.65,
          "created_date": "2024-11-01T13:03:31.506083"
        },
        {
          "filename": "M5060  dwg template-001.dwg",
          "relative_path": "Habasit Link AutoCad Drawing Templates for Modular Belts\\M5060  dwg template-001.dwg",
          "size_mb": 1.13,
          "created_date": "2024-11-01T13:03:31.631088"
        },
        {
          "filename": "M5060  dwg template-001_recover.dwg",
          "relative_path": "Habasit Link AutoCad Drawing Templates for Modular Belts\\M5060  dwg template-001_recover.dwg",
          "size_mb": 0.92,
          "created_date": "2024-11-01T13:03:31.834275"
        },
        {
          "filename": "M5064  dwg template-001.dwg",
          "relative_path": "Habasit Link AutoCad Drawing Templates for Modular Belts\\M5064  dwg template-001.dwg",
          "size_mb": 1.21,
          "created_date": "2024-11-01T13:03:32.068611"
        },
        {
          "filename": "M5065 FLAT TOP HYCLEAN template-001.dwg",
          "relative_path": "Habasit Link AutoCad Drawing Templates for Modular Belts\\M5065 FLAT TOP HYCLEAN template-001.dwg",
          "size_mb": 0.88,
          "created_date": "2024-11-01T13:03:32.302960"
        },
        {
          "filename": "M5131 template-001.dwg",
          "relative_path": "Habasit Link AutoCad Drawing Templates for Modular Belts\\M5131 template-001.dwg",
          "size_mb": 0.87,
          "created_date": "2024-11-01T13:03:32.506085"
        },
        {
          "filename": "M5182 template-001.dwg",
          "relative_path": "Habasit Link AutoCad Drawing Templates for Modular Belts\\M5182 template-001.dwg",
          "size_mb": 2.28,
          "created_date": "2024-11-01T13:03:32.647670"
        },
        {
          "filename": "M5293 DWG TEMPLATE.dwg",
          "relative_path": "Habasit Link AutoCad Drawing Templates for Modular Belts\\M5293 DWG TEMPLATE.dwg",
          "size_mb": 1.1,
          "created_date": "2024-11-01T13:03:33.053923"
        },
        {
          "filename": "M5482 Roller  dwg template-001.dwg",
          "relative_path": "Habasit Link AutoCad Drawing Templates for Modular Belts\\M5482 Roller  dwg template-001.dwg",
          "size_mb": 0.91,
          "created_date": "2024-11-01T13:03:33.241418"
        },
        {
          "filename": "M6360 template-001.dwg",
          "relative_path": "Habasit Link AutoCad Drawing Templates for Modular Belts\\M6360 template-001.dwg",
          "size_mb": 1.04,
          "created_date": "2024-11-01T13:03:33.428918"
        },
        {
          "filename": "M6420 template-001.dwg",
          "relative_path": "Habasit Link AutoCad Drawing Templates for Modular Belts\\M6420 template-001.dwg",
          "size_mb": 2.32,
          "created_date": "2024-11-01T13:03:33.647672"
        },
        {
          "filename": "M6423 template-001.dwg",
          "relative_path": "Habasit Link AutoCad Drawing Templates for Modular Belts\\M6423 template-001.dwg",
          "size_mb": 1.13,
          "created_date": "2024-11-01T13:03:34.038291"
        },
        {
          "filename": "M6424 template-001.dwg",
          "relative_path": "Habasit Link AutoCad Drawing Templates for Modular Belts\\M6424 template-001.dwg",
          "size_mb": 0.92,
          "created_date": "2024-11-01T13:03:34.319545"
        },
        {
          "filename": "M6425 template-001.dwg",
          "relative_path": "Habasit Link AutoCad Drawing Templates for Modular Belts\\M6425 template-001.dwg",
          "size_mb": 0.85,
          "created_date": "2024-11-01T13:03:34.600807"
        }
      ]
    },
    "NEW HABASIT DRAWINGS": {
      "0.50 Inch Pitch": {
        "files": [
          {
            "filename": "temp------G1220GP-P0158GF00010XXXX5.dwg",
            "relative_path": "NEW HABASIT DRAWINGS\\0.50 Inch Pitch\\temp------G1220GP-P0158GF00010XXXX5.dwg",
            "size_mb": 2.09,
            "created_date": "2024-09-09T10:47:20.174620"
          },
          {
            "filename": "temp-----G1220WP-P0177GF00070XXXX5d.dwg",
            "relative_path": "NEW HABASIT DRAWINGS\\0.50 Inch Pitch\\temp-----G1220WP-P0177GF00070XXXX5d.dwg",
            "size_mb": 1.92,
            "created_date": "2024-10-11T14:22:02.156000"
          },
          {
            "filename": "temp-GSM605WP-N0070GF00020XXXX5c.dwg",
            "relative_path": "NEW HABASIT DRAWINGS\\0.50 Inch Pitch\\temp-GSM605WP-N0070GF00020XXXX5c.dwg",
            "size_mb": 13.6,
            "created_date": "2024-02-13T08:50:54"
          },
          {
            "filename": "temp2------G1220GP-P0158GF00010XXXX5.dwg",
            "relative_path": "NEW HABASIT DRAWINGS\\0.50 Inch Pitch\\temp2------G1220GP-P0158GF00010XXXX5.dwg",
            "size_mb": 2.09,
            "created_date": "2024-09-09T10:47:31.959221"
          }
        ]
      },
      "1.00 Inch Pitch": {
        "files": [
          {
            "filename": "M208 TEMPLATE.dwg",
            "relative_path": "NEW HABASIT DRAWINGS\\1.00 Inch Pitch\\M208 TEMPLATE.dwg",
            "size_mb": 14.55,
            "created_date": "2023-03-03T12:18:55"
          }
        ]
      },
      "1.10 Inch Pitch": {
        "files": [
          {
            "filename": "TEMP-F52-FRITO-LAY-59 INCHES-CENTER-NOTCH-5211SRG0585SH065XXX0h.dwg",
            "relative_path": "NEW HABASIT DRAWINGS\\1.10 Inch Pitch\\TEMP-F52-FRITO-LAY-59 INCHES-CENTER-NOTCH-5211SRG0585SH065XXX0h.dwg",
            "size_mb": 1.47,
            "created_date": "2023-10-06T13:46:09"
          }
        ]
      }
    },
    "OLD READING DRAWINGS": {
      "0.50 Inch Pitch": {
        "KVP Belts": {
          "files": [
            {
              "filename": "0HDS605 template.dwg",
              "relative_path": "OLD READING DRAWINGS\\0.50 Inch Pitch\\KVP Belts\\0HDS605 template.dwg",
              "size_mb": 3.24,
              "created_date": "2015-08-11T09:11:15.240991"
            },
            {
              "filename": "0PW05 template.dwg",
              "relative_path": "OLD READING DRAWINGS\\0.50 Inch Pitch\\KVP Belts\\0PW05 template.dwg",
              "size_mb": 0.85,
              "created_date": "2015-08-11T09:11:15.578021"
            },
            {
              "filename": "0SM-CM605 template.dwg",
              "relative_path": "OLD READING DRAWINGS\\0.50 Inch Pitch\\KVP Belts\\0SM-CM605 template.dwg",
              "size_mb": 0.4,
              "created_date": "2021-07-23T09:54:44"
            },
            {
              "filename": "0SM-CM605 template_recover.dwg",
              "relative_path": "OLD READING DRAWINGS\\0.50 Inch Pitch\\KVP Belts\\0SM-CM605 template_recover.dwg",
              "size_mb": 0.36,
              "created_date": "2023-09-15T12:29:19"
            }
          ]
        }
      },
      "0.75 Inch Pitch": {
        "Ram Belts": {
          "files": [
            {
              "filename": "0106 template.dwg",
              "relative_path": "OLD READING DRAWINGS\\0.75 Inch Pitch\\Ram Belts\\0106 template.dwg",
              "size_mb": 2.71,
              "created_date": "2015-08-11T09:12:56.945860"
            }
          ]
        }
      },
      "1.00 Inch Pitch": {
        "Habasit Belts": {
          "1.0 Pitch": {
            "files": [
              {
                "filename": "M2544 Template.dwg",
                "relative_path": "OLD READING DRAWINGS\\1.00 Inch Pitch\\Habasit Belts\\1.0 Pitch\\M2544 Template.dwg",
                "size_mb": 1.35,
                "created_date": "2015-08-11T09:13:17.805679"
              },
              {
                "filename": "M2585 Template.dwg",
                "relative_path": "OLD READING DRAWINGS\\1.00 Inch Pitch\\Habasit Belts\\1.0 Pitch\\M2585 Template.dwg",
                "size_mb": 0.15,
                "created_date": "2015-08-11T09:13:17.943690"
              }
            ]
          }
        },
        "KVP Belts": {
          "files": [
            {
              "filename": "0HDS610 template.dwg",
              "relative_path": "OLD READING DRAWINGS\\1.00 Inch Pitch\\KVP Belts\\0HDS610 template.dwg",
              "size_mb": 1.95,
              "created_date": "2023-02-16T14:30:42"
            },
            {
              "filename": "0IS610 template.dwg",
              "relative_path": "OLD READING DRAWINGS\\1.00 Inch Pitch\\KVP Belts\\0IS610 template.dwg",
              "size_mb": 1.76,
              "created_date": "2017-12-14T08:10:24"
            },
            {
              "filename": "0MB610 template.dwg",
              "relative_path": "OLD READING DRAWINGS\\1.00 Inch Pitch\\KVP Belts\\0MB610 template.dwg",
              "size_mb": 1.87,
              "created_date": "2015-08-11T09:13:18.479737"
            },
            {
              "filename": "0MB610MTW template.dwg",
              "relative_path": "OLD READING DRAWINGS\\1.00 Inch Pitch\\KVP Belts\\0MB610MTW template.dwg",
              "size_mb": 1.69,
              "created_date": "2015-08-11T09:13:18.664753"
            },
            {
              "filename": "0RF610 template.dwg",
              "relative_path": "OLD READING DRAWINGS\\1.00 Inch Pitch\\KVP Belts\\0RF610 template.dwg",
              "size_mb": 2.89,
              "created_date": "2015-08-11T09:13:18.832768"
            },
            {
              "filename": "0SP610 template.dwg",
              "relative_path": "OLD READING DRAWINGS\\1.00 Inch Pitch\\KVP Belts\\0SP610 template.dwg",
              "size_mb": 1.64,
              "created_date": "2015-08-11T09:13:19.108792"
            },
            {
              "filename": "0STVT610 template.dwg",
              "relative_path": "OLD READING DRAWINGS\\1.00 Inch Pitch\\KVP Belts\\0STVT610 template.dwg",
              "size_mb": 0.92,
              "created_date": "2015-08-11T09:13:19.272806"
            }
          ]
        }
      },
      "1.10 Inch Pitch": {
        "Falcon Belts": {
          "files": [
            {
              "filename": "0F50 Series template.dwg",
              "relative_path": "OLD READING DRAWINGS\\1.10 Inch Pitch\\Falcon Belts\\0F50 Series template.dwg",
              "size_mb": 1.09,
              "created_date": "2024-05-04T12:30:07.412694"
            }
          ]
        }
      },
      "1.20 Inch Pitch": {
        "KVP Belts": {
          "files": [
            {
              "filename": "0PR612 template.dwg",
              "relative_path": "OLD READING DRAWINGS\\1.20 Inch Pitch\\KVP Belts\\0PR612 template.dwg",
              "size_mb": 3.64,
              "created_date": "2015-08-11T09:19:48.222720"
            }
          ]
        }
      },
      "1.50 Inch Pitch": {
        "KVP Belts": {
          "files": [
            {
              "filename": "0IS615 template.dwg",
              "relative_path": "OLD READING DRAWINGS\\1.50 Inch Pitch\\KVP Belts\\0IS615 template.dwg",
              "size_mb": 0.45,
              "created_date": "2018-04-16T12:35:23"
            },
            {
              "filename": "0SP615 template.dwg",
              "relative_path": "OLD READING DRAWINGS\\1.50 Inch Pitch\\KVP Belts\\0SP615 template.dwg",
              "size_mb": 0.75,
              "created_date": "2016-11-01T09:03:27.578000"
            },
            {
              "filename": "0ST615 template.dwg",
              "relative_path": "OLD READING DRAWINGS\\1.50 Inch Pitch\\KVP Belts\\0ST615 template.dwg",
              "size_mb": 0.25,
              "created_date": "2020-06-12T13:16:08"
            },
            {
              "filename": "0STVT615-NEW-TEMPLATE.dwg",
              "relative_path": "OLD READING DRAWINGS\\1.50 Inch Pitch\\KVP Belts\\0STVT615-NEW-TEMPLATE.dwg",
              "size_mb": 0.48,
              "created_date": "2015-08-11T09:20:09.930618"
            },
            {
              "filename": "0STVT615-NEW-TEMPLATE_recover.dwg",
              "relative_path": "OLD READING DRAWINGS\\1.50 Inch Pitch\\KVP Belts\\0STVT615-NEW-TEMPLATE_recover.dwg",
              "size_mb": 0.3,
              "created_date": "2019-08-13T14:15:27"
            }
          ]
        }
      },
      "1.75 Inch Pitch": {
        "Falcon Belt": {
          "files": [
            {
              "filename": "0CC40 Series template - new.dwg",
              "relative_path": "OLD READING DRAWINGS\\1.75 Inch Pitch\\Falcon Belt\\0CC40 Series template - new.dwg",
              "size_mb": 0.72,
              "created_date": "2018-09-11T12:56:18"
            },
            {
              "filename": "0CC40 Series template - new_recover.dwg",
              "relative_path": "OLD READING DRAWINGS\\1.75 Inch Pitch\\Falcon Belt\\0CC40 Series template - new_recover.dwg",
              "size_mb": 0.68,
              "created_date": "2018-09-12T10:09:34"
            },
            {
              "filename": "0CC40 Series template.dwg",
              "relative_path": "OLD READING DRAWINGS\\1.75 Inch Pitch\\Falcon Belt\\0CC40 Series template.dwg",
              "size_mb": 0.59,
              "created_date": "2015-08-11T09:22:08.849982"
            }
          ]
        }
      },
      "2.00 Inch Pitch": {
        "Falcon Belts": {
          "files": [
            {
              "filename": "0MP84 template.dwg",
              "relative_path": "OLD READING DRAWINGS\\2.00 Inch Pitch\\Falcon Belts\\0MP84 template.dwg",
              "size_mb": 0.32,
              "created_date": "2015-08-11T09:23:46.284478"
            },
            {
              "filename": "0Nabisco template.dwg",
              "relative_path": "OLD READING DRAWINGS\\2.00 Inch Pitch\\Falcon Belts\\0Nabisco template.dwg",
              "size_mb": 0.25,
              "created_date": "2015-08-11T09:23:46.326482"
            }
          ]
        },
        "KVP Belts": {
          "files": [
            {
              "filename": "0CC40 Series template - new_1_33_9961.dwg",
              "relative_path": "OLD READING DRAWINGS\\2.00 Inch Pitch\\KVP Belts\\0CC40 Series template - new_1_33_9961.dwg",
              "size_mb": 0.67,
              "created_date": "2016-06-02T09:44:43.356000"
            },
            {
              "filename": "0CC40 Series Template.dwg",
              "relative_path": "OLD READING DRAWINGS\\2.00 Inch Pitch\\KVP Belts\\0CC40 Series Template.dwg",
              "size_mb": 0.68,
              "created_date": "2018-12-14T10:45:41"
            },
            {
              "filename": "0FF620 template.dwg",
              "relative_path": "OLD READING DRAWINGS\\2.00 Inch Pitch\\KVP Belts\\0FF620 template.dwg",
              "size_mb": 0.32,
              "created_date": "2021-05-10T09:27:47"
            },
            {
              "filename": "0FF620 template_recover.dwg",
              "relative_path": "OLD READING DRAWINGS\\2.00 Inch Pitch\\KVP Belts\\0FF620 template_recover.dwg",
              "size_mb": 0.31,
              "created_date": "2024-01-15T11:04:50"
            },
            {
              "filename": "0HDS620 template.dwg",
              "relative_path": "OLD READING DRAWINGS\\2.00 Inch Pitch\\KVP Belts\\0HDS620 template.dwg",
              "size_mb": 3.95,
              "created_date": "2021-06-25T08:03:15"
            },
            {
              "filename": "0HDU620 template.dwg",
              "relative_path": "OLD READING DRAWINGS\\2.00 Inch Pitch\\KVP Belts\\0HDU620 template.dwg",
              "size_mb": 4.48,
              "created_date": "2022-01-26T12:37:51"
            },
            {
              "filename": "0IS6200 template.dwg",
              "relative_path": "OLD READING DRAWINGS\\2.00 Inch Pitch\\KVP Belts\\0IS6200 template.dwg",
              "size_mb": 1.22,
              "created_date": "2015-08-11T09:23:51"
            },
            {
              "filename": "0MB620 template.dwg",
              "relative_path": "OLD READING DRAWINGS\\2.00 Inch Pitch\\KVP Belts\\0MB620 template.dwg",
              "size_mb": 4.3,
              "created_date": "2015-08-11T09:23:51.387923"
            },
            {
              "filename": "0PR620 template.dwg",
              "relative_path": "OLD READING DRAWINGS\\2.00 Inch Pitch\\KVP Belts\\0PR620 template.dwg",
              "size_mb": 2.28,
              "created_date": "2024-07-11T15:42:17"
            },
            {
              "filename": "0SP620 template.dwg",
              "relative_path": "OLD READING DRAWINGS\\2.00 Inch Pitch\\KVP Belts\\0SP620 template.dwg",
              "size_mb": 0.91,
              "created_date": "2015-08-11T09:23:52.152990"
            }
          ]
        }
      }
    },
    "Shadow Copy of Old G Drive SB Folder": {
      "AutoCad Drawings for SB": {
        "files": [
          {
            "filename": "SB 214-15 M2533  dwg template.dwg",
            "relative_path": "Shadow Copy of Old G Drive SB Folder\\AutoCad Drawings for SB\\SB 214-15 M2533  dwg template.dwg",
            "size_mb": 2.15,
            "created_date": "2023-05-02T10:01:50.776123"
          }
        ]
      }
    }
  }
}